backend,iterations,wall_seconds,cpu_seconds,execution_seconds
ooc,1,5.19,36.233999999999995,4.287
ooc,3,6.969,47.064,6.033
ooc,5,7.959,49.186,7.049
ooc,10,12.785,80.616,11.825
ooc,15,16.519,97.62599999999999,15.524
ooc,30,27.601,147.105,26.265
ooc,50,41.803,227.393,40.542
ooc,75,63.798,334.398,62.13
ooc,100,77.44,401.499,76.171
cp,1,10.754,64.00699999999999,9.662
cp,3,10.445,60.747,9.48
cp,5,11.713,64.721,10.799
cp,10,14.059,73.81400000000001,13.112
cp,15,15.683,90.075,14.723
cp,30,22.624,115.78999999999999,21.423
cp,50,29.784,145.74599999999998,28.736
cp,75,38.271,181.268,37.102
cp,100,48.389,220.00400000000002,46.965
