run,max_atomic_bytes,phase,rows,pack_tiles,locality_window,cache_bytes,iteration,seconds,cpu_seconds,read_bytes,write_bytes,packs,tasks,process_read_bytes,process_write_bytes,x_read_bytes,y_read_bytes
pair8,0,prepare,100000000,32,-1,67108864,0,0.594563,4.620000,0,1551593232,3125,0,0,1549557760,,
pair8,0,project,100000000,32,-1,67108864,1,2.361009,15.820000,1555697976,6403471476,12500,8083,0,6403887104,,
pair8,0,contract,100000000,32,-1,67108864,1,1.930620,17.260000,9986394999,33346149,12500,25008,0,33169408,3585493884,6400901115
pair8,0,project,100000000,32,-1,67108864,2,4.375557,14.000000,1589049021,6385532805,12500,13639,0,6386098176,,
pair8,0,contract,100000000,32,-1,67108864,2,1.721596,14.530000,10080299994,9733263,12500,25008,0,9252864,3685033926,6395266068
pair8,0,project,100000000,32,-1,67108864,3,6.720738,14.980000,1589049021,6385532805,12500,15714,0,6385946624,,
pair8,0,contract,100000000,32,-1,67108864,3,1.744955,15.870000,10117244322,8708709,12500,25008,0,8331264,3723002808,6394241514
retain8,2300000,prepare,100000000,32,-1,67108864,0,0.588190,4.700000,0,1552106325,3125,0,0,1550278656,,
retain8,2300000,project,100000000,32,-1,67108864,1,2.335089,15.820000,1555697976,6400399446,12500,8493,0,6400585728,,
retain8,2300000,contract,100000000,32,-1,67108864,1,2.224902,13.930000,7987897764,34878900,12500,31258,183185408,35135488,1586996649,6400901115
retain8,2300000,project,100000000,32,-1,67108864,2,4.083697,13.430000,1588535928,6388606467,12500,12561,0,6387118080,,
retain8,2300000,contract,100000000,32,-1,67108864,2,2.545369,12.910000,7979698068,5636679,12500,31258,639848448,6647808,1584944277,6394753791
retain8,2300000,project,100000000,32,-1,67108864,3,3.261257,13.210000,1589562114,6381434589,12500,11693,36171776,6381408256,,
retain8,2300000,contract,100000000,32,-1,67108864,3,2.447792,13.800000,7980213609,11782371,12500,31258,0,11862016,1586996649,6393216960
batch8,4194304,prepare,100000000,32,-1,67108864,0,0.638046,4.900000,0,1553645604,3125,0,0,1552887808,,
batch8,4194304,project,100000000,32,-1,67108864,1,1.688739,14.370000,1556724162,6405009123,12500,6972,0,6405341184,,
batch8,4194304,contract,100000000,32,-1,67108864,1,1.770633,13.650000,7987898580,29756946,12500,31258,0,29769728,1587509742,6400388838
batch8,4194304,project,100000000,32,-1,67108864,2,5.258401,14.080000,1588022835,6389631021,12500,13085,0,6389362688,,
batch8,4194304,contract,100000000,32,-1,67108864,2,1.823466,12.250000,7979187423,2561385,12500,31258,0,2461696,1585970463,6393216960
batch8,4194304,project,100000000,32,-1,67108864,3,6.308525,14.460000,1588535928,6385532805,12500,14375,0,6385770496,,
batch8,4194304,contract,100000000,32,-1,67108864,3,1.768256,11.960000,7979188239,7171878,12500,31256,0,6975488,1586483556,6392704683
grown8,4194304,prepare,100000000,32,-1,67108864,0,0.614601,4.830000,0,1551593232,3125,0,0,1550446592,,
grown8,4194304,project,100000000,32,-1,67108864,1,1.861941,15.200000,1557237255,6406035309,12500,7517,0,6405963776,,
grown8,4194304,contract,100000000,32,-1,67108864,1,1.577273,14.580000,7987386303,33862506,12500,12508,0,33857536,1587509742,6399876561
grown8,4194304,project,100000000,32,-1,67108864,2,2.294253,12.380000,1592640672,6392192406,12500,8623,0,6391812096,,
grown8,4194304,contract,100000000,32,-1,67108864,2,1.602541,13.110000,7983290535,2049108,12500,12508,0,2187264,1589049021,6394241514
grown8,4194304,project,100000000,32,-1,67108864,3,2.978472,12.530000,1591614486,6388094190,12500,9963,0,6387748864,,
grown8,4194304,contract,100000000,32,-1,67108864,3,1.653183,13.370000,7980212793,5635047,12500,12508,0,5586944,1586483556,6393729237
retain8-final,2300000,prepare,100000000,32,-1,67108864,0,0.604919,4.590000,0,1554158697,3125,0,0,1553940480,,
retain8-final,2300000,project,100000000,32,-1,67108864,1,2.124491,16.940000,1556211069,6405020547,12500,6747,0,6405128192,,
retain8-final,2300000,contract,100000000,32,-1,67108864,1,1.847082,13.930000,7987898580,30258615,12500,31258,0,30269440,1587509742,6400388838
retain8-final,2300000,project,100000000,32,-1,67108864,2,3.990455,14.030000,1589049021,6385532805,12500,11429,0,6385410048,,
retain8-final,2300000,contract,100000000,32,-1,67108864,2,1.878430,12.420000,7979184975,10247172,12500,31258,0,10448896,1584431184,6394753791
retain8-final,2300000,project,100000000,32,-1,67108864,3,4.254729,13.680000,1590075207,6380922312,12500,11711,0,6380457984,,
retain8-final,2300000,contract,100000000,32,-1,67108864,3,1.781537,12.340000,7978159605,13319202,12500,31258,0,13844480,1583918091,6394241514
