phase,rows,pack_tiles,locality_window,cache_bytes,iteration,seconds,cpu_seconds,read_bytes,write_bytes,packs,tasks
prepare,8000000,32,32,1073741824,0,0.030905,0.140000,0,0,706,0
project,8000000,32,32,1073741824,1,0.122959,0.510000,0,0,1351,1416
contract,8000000,32,32,1073741824,1,0.153507,0.180000,0,0,1351,2861
project,8000000,32,32,1073741824,2,0.072199,0.270000,0,0,1335,1416
contract,8000000,32,32,1073741824,2,0.154741,0.310000,0,0,1335,2857
project,8000000,32,32,1073741824,3,0.077510,0.280000,0,0,1348,1416
contract,8000000,32,32,1073741824,3,0.122756,0.210000,0,0,1348,2857
prepare,8000000,1,0,1073741824,0,0.028649,0.140000,0,0,8000,0
project,8000000,1,0,1073741824,1,0.102582,0.450000,0,0,8000,16004
contract,8000000,1,0,1073741824,1,0.188343,0.260000,0,0,8000,16001
project,8000000,1,0,1073741824,2,0.105923,0.430000,0,0,8000,16004
contract,8000000,1,0,1073741824,2,0.145632,0.230000,0,0,8000,16001
project,8000000,1,0,1073741824,3,0.065574,0.270000,0,0,8000,16004
contract,8000000,1,0,1073741824,3,0.170962,0.270000,0,0,8000,16001
prepare,8000000,32,0,1073741824,0,0.024930,0.100000,0,0,253,0
project,8000000,32,0,1073741824,1,0.106849,0.470000,0,0,1001,510
contract,8000000,32,0,1073741824,1,0.182699,0.360000,0,0,1001,10467
project,8000000,32,0,1073741824,2,0.102238,0.430000,0,0,1001,510
contract,8000000,32,0,1073741824,2,0.131338,0.310000,0,0,1001,10467
project,8000000,32,0,1073741824,3,0.063349,0.280000,0,0,1001,510
contract,8000000,32,0,1073741824,3,0.122533,0.160000,0,0,1001,10467
prepare,8000000,32,32,67108864,0,0.059931,0.360000,0,77702909,706,0
project,8000000,32,32,67108864,1,0.194267,1.340000,94474928,505837598,1353,1419
contract,8000000,32,32,67108864,1,0.589820,1.500000,642518097,28174346,1353,2855
project,8000000,32,32,67108864,2,0.131655,0.840000,112160910,484871818,1347,1426
contract,8000000,32,32,67108864,2,0.479776,0.720000,635823584,5699111,1347,2847
project,8000000,32,32,67108864,3,0.120404,0.810000,112289192,483975292,1341,1422
contract,8000000,32,32,67108864,3,0.524091,0.850000,639552657,6915762,1341,2859
prepare,8000000,1,0,67108864,0,0.093573,0.570000,0,76987200,8000,0
project,8000000,1,0,67108864,1,0.441236,3.170000,97372769,515226398,8000,16076
contract,8000000,1,0,67108864,1,1.473729,3.070000,612371345,17447156,8000,16001
project,8000000,1,0,67108864,2,0.433183,2.330000,113042872,490154506,8000,16006
contract,8000000,1,0,67108864,2,1.456127,2.580000,605519874,2113989,8000,16001
project,8000000,1,0,67108864,3,0.407985,1.960000,113299496,490987013,8000,16004
contract,8000000,1,0,67108864,3,1.348692,2.380000,605504186,880858,8000,16001
prepare,8000000,32,0,67108864,0,0.060138,0.330000,0,67728276,252,0
project,8000000,32,0,67108864,1,0.172607,1.340000,91330564,517434868,1001,712
contract,8000000,32,0,67108864,1,1.779219,2.880000,2833202011,21031922,1001,10477
project,8000000,32,0,67108864,2,0.110389,0.790000,111854284,478466718,1002,571
contract,8000000,32,0,67108864,2,1.563756,2.230000,2708578306,11782381,1002,10477
project,8000000,32,0,67108864,3,0.087819,0.680000,111854284,476417610,1002,751
contract,8000000,32,0,67108864,3,1.354250,1.710000,2653175686,10757827,1002,10477
prepare,100000000,32,32,67108864,0,0.670168,5.380000,0,1557505435,8824,0
project,100000000,32,32,67108864,1,4.533018,19.680000,1559493711,6389148213,16821,19778
contract,100000000,32,32,67108864,1,18.011587,20.040000,8400798507,42897774,16821,35675
project,100000000,32,32,67108864,2,3.391995,16.340000,1587970880,6394391067,16802,18042
contract,100000000,32,32,67108864,2,15.547013,20.090000,8402703055,1536836,16802,35715
project,100000000,32,32,67108864,3,3.336235,17.330000,1588147259,6394390907,16771,17660
contract,100000000,32,32,67108864,3,14.166085,18.380000,8422985456,1536841,16771,35765
prepare,100000000,1,0,67108864,0,0.509901,4.030000,0,1570474724,100000,0
project,100000000,1,0,67108864,1,5.811042,29.900000,1572976808,6415644292,100000,200026
contract,100000000,1,0,67108864,1,18.760596,32.830000,7998868734,12845952,100000,200001
project,100000000,1,0,67108864,2,6.377205,32.480000,1596409787,6395767047,100000,200500
contract,100000000,1,0,67108864,2,23.350586,34.950000,7994113926,2097482,100000,200001
project,100000000,1,0,67108864,3,6.579419,28.680000,1596522060,6397239944,100000,200004
contract,100000000,1,0,67108864,3,25.180179,34.850000,7995251993,1489989,100000,200001
prepare,100000000,32,0,67108864,0,0.385143,2.950000,0,1554206804,3128,0
project,100000000,32,0,67108864,1,3.129896,9.490000,1556211084,6414713062,12502,11362
contract,100000000,32,0,67108864,1,19.723538,24.230000,35830329313,19491832,12502,131605
project,100000000,32,0,67108864,2,4.622123,8.330000,1588022850,6378360927,12502,13131
contract,100000000,32,0,67108864,2,31.515917,36.540000,35552754160,12806925,12502,131605
project,100000000,32,0,67108864,3,1.572865,11.590000,1586996664,6392640654,12502,6555
contract,100000000,32,0,67108864,3,49.413247,56.560000,35235659422,1600870,12502,131605
