run,concurrency,phase,rows,pack_tiles,locality_window,cache_bytes,iteration,seconds,cpu_seconds,read_bytes,write_bytes,packs,tasks,process_read_bytes,process_write_bytes
1,1,prepare,100000000,32,-1,67108864,0,0.597511,4.860000,0,1554158697,3125,0,0,1553412096
1,1,project,100000000,32,-1,67108864,1,1.796314,14.170000,1556211069,6405009123,12500,6640,0,6405144576
1,1,contract,100000000,32,-1,67108864,1,12.707317,16.680000,8023301997,29243853,12500,25001,0,29253632
1,1,project,100000000,32,-1,67108864,2,2.363334,12.840000,1588022835,6392704683,12500,9554,0,6391676928
1,1,contract,100000000,32,-1,67108864,2,12.691484,16.440000,8008943553,2049108,12500,25001,0,2531328
1,1,project,100000000,32,-1,67108864,3,1.795962,12.490000,1588022835,6385532805,12500,7157,0,6385618944
1,1,contract,100000000,32,-1,67108864,3,12.837396,16.910000,8018694768,8196432,12500,25001,0,8200192
4,4,prepare,100000000,32,-1,67108864,0,0.572988,4.440000,0,1553132511,3125,0,0,1552261120
4,4,project,100000000,32,-1,67108864,1,2.080674,16.020000,1556211069,6405010755,12500,6864,0,6405459968
4,4,contract,100000000,32,-1,67108864,1,2.757766,13.440000,8243418894,30268407,12500,25004,0,30261248
4,4,project,100000000,32,-1,67108864,2,2.319146,13.300000,1589049021,6386045082,12500,8119,0,6385684480
4,4,contract,100000000,32,-1,67108864,2,2.598159,11.940000,8155689783,7171878,12500,25004,0,7626752
4,4,project,100000000,32,-1,67108864,3,2.523437,13.220000,1589049021,6383483697,12500,9294,0,6383833088
4,4,contract,100000000,32,-1,67108864,3,2.550819,11.920000,8081289666,11782371,12500,25004,0,11522048
8,8,prepare,100000000,32,-1,67108864,0,0.663969,5.040000,0,1549027767,3125,0,0,1547919360
8,8,project,100000000,32,-1,67108864,1,6.060357,17.070000,1555697976,6408612198,12500,10847,0,6408937472
8,8,contract,100000000,32,-1,67108864,1,1.801726,16.870000,10077725553,31283985,12500,25008,0,31293440
8,8,project,100000000,32,-1,67108864,2,2.504100,12.780000,1589562114,6386557359,12500,10975,0,6386647040
8,8,contract,100000000,32,-1,67108864,2,1.737128,14.450000,9965882703,7171878,12500,25008,0,7163904
8,8,project,100000000,32,-1,67108864,3,2.029621,12.350000,1589562114,6387069636,12500,8840,0,6386384896
8,8,contract,100000000,32,-1,67108864,3,1.623008,14.850000,9992049630,7171878,12500,25008,0,7905280
locality4,4,prepare,100000000,32,32,67108864,0,0.624354,5.310000,0,1555356829,8824,0,0,1555316736
locality4,4,project,100000000,32,32,67108864,1,6.557008,20.140000,1559798367,6393601145,16816,20942,0,6393950208
locality4,4,contract,100000000,32,32,67108864,1,3.369131,16.140000,8209448996,41922633,16816,35700,0,41803776
locality4,4,project,100000000,32,32,67108864,2,3.531905,15.520000,1589189499,6382736649,16787,19346,0,6383206400
locality4,4,contract,100000000,32,32,67108864,2,3.600488,16.100000,8206278612,13383286,16787,35712,0,13148160
locality4,4,project,100000000,32,32,67108864,3,5.287273,16.060000,1588884843,6381264022,16820,20928,0,6381031424
locality4,4,contract,100000000,32,32,67108864,3,3.256450,15.420000,8186131379,14424277,16820,35718,0,14409728
