run,phase,rows,pack_tiles,locality_window,cache_bytes,iteration,seconds,cpu_seconds,read_bytes,write_bytes,packs,tasks,process_read_bytes,process_write_bytes,x_read_bytes,y_read_bytes,candidate_pairs,requested_y_bytes,x_span_rows,y_span_rows
w32,prepare,100000000,32,32,67108864,0,0.632987,5.080000,0,1555966141,8824,0,0,1556041728,,,,,,
w32,project,100000000,32,32,67108864,1,3.033969,16.770000,1560712335,6407209422,16819,17663,0,6407434240,,,,,,
w32,contract,100000000,32,32,67108864,1,2.020553,16.310000,8078626410,29229053,16819,35304,0,29249536,1590616565,6488009845,17877,6922121552,100000000,116397000
w32,project,100000000,32,32,67108864,2,4.089918,15.800000,1590343977,6384914065,16832,20216,0,6384857088,,,,,,
w32,contract,100000000,32,32,67108864,2,2.201428,16.930000,8071098983,7092457,16832,35304,0,7012352,1588467949,6482631034,17887,6920002776,100000000,116348000
w32,project,100000000,32,32,67108864,3,9.331133,18.050000,1591530533,6380495814,16864,24089,0,6380691456,,,,,,
w32,contract,100000000,32,32,67108864,3,2.125977,17.370000,8059137982,13511354,16864,35304,0,13647872,1586816402,6472321580,17878,6897135392,100000000,115387000
w128,prepare,100000000,32,128,67108864,0,0.681375,5.130000,0,1555554356,6575,0,0,1555415040,,,,,,
w128,project,100000000,32,128,67108864,1,7.171746,19.300000,1559178125,6404712675,14351,15617,0,6404943872,,,,,,
w128,contract,100000000,32,128,67108864,1,3.147420,21.420000,11577344513,30093465,14351,34522,0,30093312,1588440780,9988903733,40816,18503371288,201184000,305880000
w128,project,100000000,32,128,67108864,2,4.227617,15.720000,1589996108,6392713973,14361,13155,0,6392971264,,,,,,
w128,contract,100000000,32,128,67108864,2,3.087813,20.790000,11477256649,2418323,14361,34524,0,2416640,1587414584,9889842065,40764,18497264672,201184000,305345000
w128,project,100000000,32,128,67108864,3,3.803541,13.930000,1590621449,6393418347,14358,13154,0,6393659392,,,,,,
w128,contract,100000000,32,128,67108864,3,3.075918,21.020000,11537992634,1024554,14358,34502,0,1024000,1586805277,9951187357,40784,18510562456,201184000,305934000
unordered64,prepare,100000000,32,0,67108864,0,0.587272,4.510000,0,1547488488,3127,0,0,1546592256,,,,,,
unordered64,project,100000000,32,0,67108864,1,1.856374,14.400000,1555697986,6403075527,12502,6778,0,6403100672,,,,,,
unordered64,contract,100000000,32,0,67108864,1,3.272081,25.400000,16667280569,32323227,12502,34872,0,32333824,1588022845,15079257724,65815,33821884296,440427000,495950000
unordered64,project,100000000,32,0,67108864,2,3.365324,13.070000,1590075217,6382459153,12502,10715,0,6381240320,,,,,,
unordered64,contract,100000000,32,0,67108864,2,3.310066,24.690000,16636669574,12806925,12502,34872,0,13164544,1586483566,15050186008,65815,33821884296,440427000,495950000
unordered64,project,100000000,32,0,67108864,3,3.497628,13.140000,1590075217,6380922322,12502,11130,0,6379745280,,,,,,
unordered64,contract,100000000,32,0,67108864,3,3.319936,23.960000,16822753367,3585939,12502,34872,0,3469312,1585970473,15236782894,65815,33821884296,440427000,495950000
unordered256,prepare,100000000,32,0,268435456,0,0.812940,5.550000,0,1407414099,3127,0,0,1407062016,,,,,,
unordered256,project,100000000,32,0,268435456,1,1.744118,13.890000,1434608038,6411195630,12501,6502,0,6410620928,,,,,,
unordered256,contract,100000000,32,0,268435456,1,2.787257,18.780000,10234672077,107233173,12501,34916,0,107225088,1541331382,8693340695,65830,33832291200,440557000,496107000
unordered256,project,100000000,32,0,268435456,2,3.202986,13.150000,1543383754,6284101959,12501,10341,0,6285172736,,,,,,
unordered256,contract,100000000,32,0,268435456,2,2.550785,17.250000,10211617164,31761179,12501,34916,0,30908416,1539792103,8671825061,65829,33831520328,440557000,496095000
unordered256,project,100000000,32,0,268435456,3,5.426361,14.590000,1543383754,6277442358,12501,13619,0,6275706880,,,,,,
unordered256,contract,100000000,32,0,268435456,3,2.432764,16.820000,10126059561,56350475,12501,34916,0,58474496,1535174266,8590885295,65828,33830749456,440557000,496053000
unordered-exact,prepare,100000000,32,0,67108864,0,0.597992,4.570000,0,1548514674,3128,0,0,1547673600,,,,,,
unordered-exact,project,100000000,32,0,67108864,1,2.231999,15.410000,1563907479,6408673804,12502,8828,0,6408876032,,,,,,
unordered-exact,contract,100000000,32,0,67108864,1,3.045776,24.940000,16661645527,25075080,12502,34932,0,25112576,1588022850,15073622677,65806,33817451496,440265000,495772000
unordered-exact,project,100000000,32,0,67108864,2,2.349678,12.370000,1590075222,6387517884,12502,9120,0,6387269632,,,,,,
unordered-exact,contract,100000000,32,0,67108864,2,3.216968,24.600000,16603116254,6211363,12502,34932,0,6402048,1586996664,15016119590,65806,33817451496,440265000,495772000
unordered-exact,project,100000000,32,0,67108864,3,3.214040,13.250000,1590075222,6388990676,12502,11135,0,6388260864,,,,,,
unordered-exact,contract,100000000,32,0,67108864,3,3.264792,24.830000,16465953265,5186809,12502,34932,0,5296128,1586483571,14879469694,65806,33817451496,440265000,495772000
w128-exact,prepare,100000000,32,128,67108864,0,0.671299,5.220000,0,1554079213,6581,0,0,1553747968,,,,,,
w128-exact,project,100000000,32,128,67108864,1,3.995923,16.800000,1558905567,6407532687,14372,13166,0,6407892992,,,,,,
w128-exact,contract,100000000,32,128,67108864,1,3.169726,21.330000,11523396340,30431510,14372,34534,0,30445568,1588985971,9934410369,40844,18481791800,200836000,305503000
w128-exact,project,100000000,32,128,67108864,2,4.093021,15.590000,1590894057,6379394656,14345,13187,0,6378475520,,,,,,
w128-exact,contract,100000000,32,128,67108864,2,2.992296,20.610000,11472212537,5699086,14345,34492,0,5496832,1586468578,9885743959,40803,18473052640,200836000,305581000
w128-exact,project,100000000,32,128,67108864,3,3.973711,14.530000,1589723550,6395275303,14350,13166,0,6395514880,,,,,,
w128-exact,contract,100000000,32,128,67108864,3,3.175134,21.060000,11519150964,768423,14350,34514,0,765952,1587109963,9932041001,40750,18444400504,200836000,304686000
aligned,prepare,100000000,32,-1,67108864,0,0.633098,4.840000,0,1554158697,3125,0,0,1553940480,,,,,,
aligned,project,100000000,32,-1,67108864,1,2.574136,16.070000,1556211069,6402960015,12500,8295,0,6402568192,,,,,,
aligned,contract,100000000,32,-1,67108864,1,1.682079,15.200000,7988410857,33344517,12500,12508,0,33775616,1587509742,6400901115,12500,6424300000,100000000,100000000
aligned,project,100000000,32,-1,67108864,2,7.635805,15.190000,1589562114,6380410035,12500,15757,0,6379966464,,,,,,
aligned,contract,100000000,32,-1,67108864,2,1.657659,13.450000,7977139131,8711973,12500,12508,0,8351744,1586483556,6390655575,12500,6424300000,100000000,100000000
aligned,project,100000000,32,-1,67108864,3,13.920609,16.210000,1591614486,6373750434,12500,17576,0,6372974592,,,,,,
aligned,contract,100000000,32,-1,67108864,3,1.657707,14.450000,7974068733,11782371,12500,12508,0,12193792,1588535928,6385532805,12500,6424300000,100000000,100000000
