cohort,source,columns,phase,algorithm,policy,rows,rank,cache_bytes,iteration,seconds,cpu_seconds,read_bytes,write_bytes,tasks,checksum,process_read_bytes,process_write_bytes
partition-chains-20260926,gnmf-2000000-r64-arrival.log,2,prepare,gnmf,arrival,2000000,64,16777216,0,0.315937,1.130000,0,1056146325,0,0.00000000000,0,1056198656
partition-chains-20260926,gnmf-2000000-r64-arrival.log,2,iteration,gnmf,arrival,2000000,64,16777216,1,1.096524,7.860000,2103072786,1018445571,130,1.95977829122,0,1018523648
partition-chains-20260926,gnmf-2000000-r64-arrival.log,2,iteration,gnmf,arrival,2000000,64,16777216,2,1.057706,7.700000,2099485351,1019981688,130,1.98813912930,0,1020542976
partition-chains-20260926,gnmf-2000000-r64-arrival.log,2,iteration,gnmf,arrival,2000000,64,16777216,3,1.053451,7.790000,2098463381,1020493727,130,2.00435335840,0,1020702720
partition-chains-20260926,gnmf-2000000-r64-batch.log,2,prepare,gnmf,batch,2000000,64,16777216,0,0.305616,1.270000,0,1056156000,0,0.00000000000,0,1056206848
partition-chains-20260926,gnmf-2000000-r64-batch.log,2,iteration,gnmf,batch,2000000,64,16777216,1,1.168351,9.880000,2101074384,1020493727,126,1.95977829122,0,1020178432
partition-chains-20260926,gnmf-2000000-r64-batch.log,2,iteration,gnmf,batch,2000000,64,16777216,2,1.159241,9.650000,2099360629,1019981688,126,1.98813912930,0,1020428288
partition-chains-20260926,gnmf-2000000-r64-batch.log,2,iteration,gnmf,batch,2000000,64,16777216,3,1.156227,9.650000,2097231069,1020493727,126,2.00435335840,0,1021059072
partition-chains-20260926,gnmf-2000000-r64-reorder.log,2,prepare,gnmf,reorder,2000000,64,16777216,0,0.322529,1.200000,0,1056146320,0,0.00000000000,0,1056198656
partition-chains-20260926,gnmf-2000000-r64-reorder.log,2,reorder,gnmf,reorder,2000000,64,16777216,0,0.470920,3.160000,1060764157,1056146315,126,0.00000000000,0,1056206848
partition-chains-20260926,gnmf-2000000-r64-reorder.log,2,iteration,gnmf,reorder,2000000,64,16777216,1,1.080423,8.120000,2103073820,1017421493,126,1.95977829122,0,1017528320
partition-chains-20260926,gnmf-2000000-r64-reorder.log,2,iteration,gnmf,reorder,2000000,64,16777216,2,1.035229,7.680000,2095902112,1019469649,126,1.98813912930,0,1019150336
partition-chains-20260926,gnmf-2000000-r64-reorder.log,2,iteration,gnmf,reorder,2000000,64,16777216,3,1.019870,7.500000,2097949214,1019981688,126,2.00435335840,0,1019957248
partition-chains-20260926,gnmf-2000000-r64-single.log,2,prepare,gnmf,single,2000000,64,16777216,0,0.323288,1.380000,0,1056156000,0,0.00000000000,0,1056210944
partition-chains-20260926,gnmf-2000000-r64-single.log,2,iteration,gnmf,single,2000000,64,16777216,1,1.346850,6.960000,2100899164,1022029844,4000,1.95977829122,0,1022263296
partition-chains-20260926,gnmf-2000000-r64-single.log,2,iteration,gnmf,single,2000000,64,16777216,2,1.269888,6.640000,2100049097,1023565961,4000,1.98813912930,0,1023324160
partition-chains-20260926,gnmf-2000000-r64-single.log,2,iteration,gnmf,single,2000000,64,16777216,3,1.327806,6.750000,2099295264,1023053922,4000,2.00435335840,0,1023950848
partition-chains-20260926,gnmf-2000000-r64-window.log,2,prepare,gnmf,window,2000000,64,16777216,0,0.320027,0.990000,0,1056146885,0,0.00000000000,0,1056215040
partition-chains-20260926,gnmf-2000000-r64-window.log,2,iteration,gnmf,window,2000000,64,16777216,1,1.150324,7.630000,2101762240,1019981688,354,1.95977829122,0,1019633664
partition-chains-20260926,gnmf-2000000-r64-window.log,2,iteration,gnmf,window,2000000,64,16777216,2,1.099347,7.570000,2098721010,1020493727,354,1.98813912930,0,1020964864
partition-chains-20260926,gnmf-2000000-r64-window.log,2,iteration,gnmf,window,2000000,64,16777216,3,1.096962,7.770000,2100353336,1021517805,354,2.00435335840,0,1021526016
partition-chains-20260926,gnmf-8000000-r16-arrival.log,2,prepare,gnmf,arrival,8000000,16,16777216,0,0.324723,1.200000,0,1152555270,0,0.00000000000,0,1152602112
partition-chains-20260926,gnmf-8000000-r16-arrival.log,2,iteration,gnmf,arrival,8000000,16,16777216,1,0.969829,7.590000,2448506212,1021081120,504,1.93613703388,0,1021116416
partition-chains-20260926,gnmf-8000000-r16-arrival.log,2,iteration,gnmf,arrival,8000000,16,16777216,2,0.856790,6.250000,2290762014,1022233441,504,1.95312433548,0,1022541824
partition-chains-20260926,gnmf-8000000-r16-arrival.log,2,iteration,gnmf,arrival,8000000,16,16777216,3,0.844693,5.990000,2290247969,1021721300,504,1.96518439351,0,1021755392
partition-chains-20260926,gnmf-8000000-r16-batch.log,2,prepare,gnmf,batch,8000000,16,16777216,0,0.321982,1.600000,0,1152624000,0,0.00000000000,0,1152688128
partition-chains-20260926,gnmf-8000000-r16-batch.log,2,iteration,gnmf,batch,8000000,16,16777216,1,1.578997,20.160000,2297962813,1023287688,500,1.93613703388,0,1022971904
partition-chains-20260926,gnmf-8000000-r16-batch.log,2,iteration,gnmf,batch,8000000,16,16777216,2,1.522960,19.700000,2294532378,1021111025,500,1.95312433548,0,1020653568
partition-chains-20260926,gnmf-8000000-r16-batch.log,2,iteration,gnmf,batch,8000000,16,16777216,3,1.501011,20.310000,2296375771,1023159649,500,1.96518439351,0,1023463424
partition-chains-20260926,gnmf-8000000-r16-reorder.log,2,prepare,gnmf,reorder,8000000,16,16777216,0,0.339337,1.280000,0,1152555265,0,0.00000000000,0,1152598016
partition-chains-20260926,gnmf-8000000-r16-reorder.log,2,reorder,gnmf,reorder,8000000,16,16777216,0,0.456038,3.060000,1186888704,1152555250,500,0.00000000000,0,1152610304
partition-chains-20260926,gnmf-8000000-r16-reorder.log,2,iteration,gnmf,reorder,8000000,16,16777216,1,0.882380,6.610000,2295376013,1021209154,500,1.93613703388,0,1020809216
partition-chains-20260926,gnmf-8000000-r16-reorder.log,2,iteration,gnmf,reorder,8000000,16,16777216,2,0.812063,5.780000,2290761984,1022745577,500,1.95312433548,0,1022799872
partition-chains-20260926,gnmf-8000000-r16-reorder.log,2,iteration,gnmf,reorder,8000000,16,16777216,3,0.820244,5.850000,2291786266,1020697013,500,1.96518439351,0,1021485056
partition-chains-20260926,gnmf-8000000-r16-single.log,2,prepare,gnmf,single,8000000,16,16777216,0,0.360519,1.690000,0,1152624000,0,0.00000000000,0,1152684032
partition-chains-20260926,gnmf-8000000-r16-single.log,2,iteration,gnmf,single,8000000,16,16777216,1,2.045983,11.950000,2295800005,1023799844,16000,1.93613703388,0,1023729664
partition-chains-20260926,gnmf-8000000-r16-single.log,2,iteration,gnmf,single,8000000,16,16777216,2,1.906655,11.210000,2293666818,1023927883,16000,1.95312433548,0,1023983616
partition-chains-20260926,gnmf-8000000-r16-single.log,2,iteration,gnmf,single,8000000,16,16777216,3,1.977638,11.820000,2293474896,1023927883,16000,1.96518439351,0,1023930368
partition-chains-20260926,gnmf-8000000-r16-window.log,2,prepare,gnmf,window,8000000,16,16777216,0,0.373517,1.470000,0,1152559295,0,0.00000000000,0,1152606208
partition-chains-20260926,gnmf-8000000-r16-window.log,2,iteration,gnmf,window,8000000,16,16777216,1,1.081003,7.230000,2295832544,1022234921,1412,1.93613703388,0,1022291968
partition-chains-20260926,gnmf-8000000-r16-window.log,2,iteration,gnmf,window,8000000,16,16777216,2,0.993491,6.410000,2325292315,1023515266,1412,1.95312433548,0,1022836736
partition-chains-20260926,gnmf-8000000-r16-window.log,2,iteration,gnmf,window,8000000,16,16777216,3,0.951869,6.230000,2323418940,1023515336,1412,1.96518439351,0,1023475712
partition-chains-20260926,kmeans-8000000-r32-arrival.log,2,prepare,kmeans,arrival,8000000,32,16777216,0,0.050970,0.220000,0,128273260,0,0.00000000000,0,128286720
partition-chains-20260926,kmeans-8000000-r32-arrival.log,2,iteration,kmeans,arrival,8000000,32,16777216,1,0.482755,2.150000,128273260,0,252,30.1581789199,0,0
partition-chains-20260926,kmeans-8000000-r32-arrival.log,2,iteration,kmeans,arrival,8000000,32,16777216,2,0.450542,2.090000,116472121,0,252,30.2767310209,0,0
partition-chains-20260926,kmeans-8000000-r32-arrival.log,2,iteration,kmeans,arrival,8000000,32,16777216,3,0.440676,1.960000,116472121,0,252,30.1920780924,0,0
partition-chains-20260926,kmeans-8000000-r32-batch.log,2,prepare,kmeans,batch,8000000,32,16777216,0,0.062270,0.390000,0,128312000,0,0.00000000000,0,128331776
partition-chains-20260926,kmeans-8000000-r32-batch.log,2,iteration,kmeans,batch,8000000,32,16777216,1,0.672745,5.590000,128312000,0,250,30.1581789199,0,0
partition-chains-20260926,kmeans-8000000-r32-batch.log,2,iteration,kmeans,batch,8000000,32,16777216,2,0.608285,5.000000,118383859,0,250,30.2767310209,0,0
partition-chains-20260926,kmeans-8000000-r32-batch.log,2,iteration,kmeans,batch,8000000,32,16777216,3,0.590168,4.860000,118480093,0,250,30.1920780924,0,0
partition-chains-20260926,kmeans-8000000-r32-reorder.log,2,prepare,kmeans,reorder,8000000,32,16777216,0,0.050978,0.230000,0,128273265,0,0.00000000000,0,128286720
partition-chains-20260926,kmeans-8000000-r32-reorder.log,2,reorder,kmeans,reorder,8000000,32,16777216,0,0.066174,0.420000,141100590,128273250,250,0.00000000000,0,128282624
partition-chains-20260926,kmeans-8000000-r32-reorder.log,2,iteration,kmeans,reorder,8000000,32,16777216,1,0.501527,2.160000,128273250,0,250,30.1581789199,0,16384
partition-chains-20260926,kmeans-8000000-r32-reorder.log,2,iteration,kmeans,reorder,8000000,32,16777216,2,0.455321,1.840000,115959018,0,250,30.2767310209,0,0
partition-chains-20260926,kmeans-8000000-r32-reorder.log,2,iteration,kmeans,reorder,8000000,32,16777216,3,0.451674,1.900000,116472111,0,250,30.1920780924,0,0
partition-chains-20260926,kmeans-8000000-r32-single.log,2,prepare,kmeans,single,8000000,32,16777216,0,0.066230,0.410000,0,128312000,0,0.00000000000,0,128331776
partition-chains-20260926,kmeans-8000000-r32-single.log,2,iteration,kmeans,single,8000000,32,16777216,1,0.888198,3.780000,128312000,0,8000,30.1581789199,0,16384
partition-chains-20260926,kmeans-8000000-r32-single.log,2,iteration,kmeans,single,8000000,32,16777216,2,0.886104,3.590000,117870611,0,8000,30.2767310209,0,0
partition-chains-20260926,kmeans-8000000-r32-single.log,2,iteration,kmeans,single,8000000,32,16777216,3,0.814486,3.330000,117870611,0,8000,30.1920780924,0,0
partition-chains-20260926,kmeans-8000000-r32-window.log,2,prepare,kmeans,window,8000000,32,16777216,0,0.056476,0.320000,0,128275530,0,0.00000000000,0,128290816
partition-chains-20260926,kmeans-8000000-r32-window.log,2,iteration,kmeans,window,8000000,32,16777216,1,0.540944,2.720000,128275530,0,706,30.1581789199,0,0
partition-chains-20260926,kmeans-8000000-r32-window.log,2,iteration,kmeans,window,8000000,32,16777216,2,0.465028,2.030000,116281768,0,706,30.2767310209,0,0
partition-chains-20260926,kmeans-8000000-r32-window.log,2,iteration,kmeans,window,8000000,32,16777216,3,0.459183,1.920000,116281768,0,706,30.1920780924,0,0
partition-chains-20260926,lmcg-32000000-r1-arrival.log,2,prepare,lmcg,arrival,32000000,1,16777216,0,0.171136,0.820000,0,513093010,0,0.00000000000,0,513114112
partition-chains-20260926,lmcg-32000000-r1-arrival.log,2,iteration,lmcg,arrival,32000000,1,16777216,1,0.248457,1.030000,513093010,0,1002,910095.881322,0,0
partition-chains-20260926,lmcg-32000000-r1-arrival.log,2,iteration,lmcg,arrival,32000000,1,16777216,2,0.192402,0.830000,501804964,0,1002,910095.881322,0,0
partition-chains-20260926,lmcg-32000000-r1-arrival.log,2,iteration,lmcg,arrival,32000000,1,16777216,3,0.187701,0.780000,501804964,0,1002,910095.881322,0,0
partition-chains-20260926,lmcg-32000000-r1-batch.log,2,prepare,lmcg,batch,32000000,1,16777216,0,0.197044,1.340000,0,513248000,0,0.00000000000,0,513257472
partition-chains-20260926,lmcg-32000000-r1-batch.log,2,iteration,lmcg,batch,32000000,1,16777216,1,0.900952,14.020000,513248000,0,1000,910095.881322,0,0
partition-chains-20260926,lmcg-32000000-r1-batch.log,2,iteration,lmcg,batch,32000000,1,16777216,2,0.824685,13.010000,507281492,0,1000,910095.881322,0,0
partition-chains-20260926,lmcg-32000000-r1-batch.log,2,iteration,lmcg,batch,32000000,1,16777216,3,0.818587,12.500000,507794740,0,1000,910095.881322,0,0
partition-chains-20260926,lmcg-32000000-r1-reorder.log,2,prepare,lmcg,reorder,32000000,1,16777216,0,0.184163,0.820000,0,513093010,0,0.00000000000,0,513114112
partition-chains-20260926,lmcg-32000000-r1-reorder.log,2,reorder,lmcg,reorder,32000000,1,16777216,0,0.206653,1.350000,582873658,513093000,1000,0.00000000000,0,513085440
partition-chains-20260926,lmcg-32000000-r1-reorder.log,2,iteration,lmcg,reorder,32000000,1,16777216,1,0.201983,1.180000,513093000,0,1000,910095.881322,0,0
partition-chains-20260926,lmcg-32000000-r1-reorder.log,2,iteration,lmcg,reorder,32000000,1,16777216,2,0.175690,0.800000,501804954,0,1000,910095.881322,0,0
partition-chains-20260926,lmcg-32000000-r1-reorder.log,2,iteration,lmcg,reorder,32000000,1,16777216,3,0.183959,0.890000,501804954,0,1000,910095.881322,0,0
partition-chains-20260926,lmcg-32000000-r1-single.log,2,prepare,lmcg,single,32000000,1,16777216,0,0.196601,1.300000,0,513248000,0,0.00000000000,0,513257472
partition-chains-20260926,lmcg-32000000-r1-single.log,2,iteration,lmcg,single,32000000,1,16777216,1,1.592634,6.710000,513248000,0,32000,910095.881322,81920,0
partition-chains-20260926,lmcg-32000000-r1-single.log,2,iteration,lmcg,single,32000000,1,16777216,2,1.472324,6.120000,505886099,0,32000,910095.881322,0,0
partition-chains-20260926,lmcg-32000000-r1-single.log,2,iteration,lmcg,single,32000000,1,16777216,3,1.418637,5.890000,505773826,0,32000,910095.881322,0,16384
partition-chains-20260926,lmcg-32000000-r1-window.log,2,prepare,lmcg,window,32000000,1,16777216,0,0.185728,1.080000,0,513102120,0,0.00000000000,0,513118208
partition-chains-20260926,lmcg-32000000-r1-window.log,2,iteration,lmcg,window,32000000,1,16777216,1,0.328492,1.630000,513102120,0,2824,910095.881322,0,0
partition-chains-20260926,lmcg-32000000-r1-window.log,2,iteration,lmcg,window,32000000,1,16777216,2,0.303011,1.590000,501765772,0,2824,910095.881322,0,0
partition-chains-20260926,lmcg-32000000-r1-window.log,2,iteration,lmcg,window,32000000,1,16777216,3,0.279376,1.260000,501380941,0,2824,910095.881322,0,0
partition-chains-controls-20260926,gnmf-1000000x128-r16-arrival-cache16777216.log,128,prepare,gnmf,arrival,1000000,16,16777216,0,0.361715,0.960000,0,1152074255,0,0.00000000000,0,1152118784
partition-chains-controls-20260926,gnmf-1000000x128-r16-arrival-cache16777216.log,128,iteration,gnmf,arrival,1000000,16,16777216,1,0.656875,3.080000,2528980358,124962404,2000,126.279572979,0,125026304
partition-chains-controls-20260926,gnmf-1000000x128-r16-arrival-cache16777216.log,128,iteration,gnmf,arrival,1000000,16,16777216,2,0.641809,3.110000,2547547179,126498827,2000,126.426001201,0,126984192
partition-chains-controls-20260926,gnmf-1000000x128-r16-arrival-cache16777216.log,128,iteration,gnmf,arrival,1000000,16,16777216,3,0.605298,2.890000,2570337699,126114725,2000,126.533126305,0,126488576
partition-chains-controls-20260926,gnmf-1000000x128-r16-lookahead-cache16777216.log,128,prepare,gnmf,lookahead,1000000,16,16777216,0,0.358333,0.940000,0,1152074255,0,0.00000000000,0,1152118784
partition-chains-controls-20260926,gnmf-1000000x128-r16-lookahead-cache16777216.log,128,iteration,gnmf,lookahead,1000000,16,16777216,1,0.754423,3.540000,2536406405,125474545,2000,126.279572979,0,125292544
partition-chains-controls-20260926,gnmf-1000000x128-r16-lookahead-cache16777216.log,128,iteration,gnmf,lookahead,1000000,16,16777216,2,0.464422,2.130000,1248358474,125986686,1000,126.426001201,0,126484480
partition-chains-controls-20260926,gnmf-1000000x128-r16-lookahead-cache16777216.log,128,iteration,gnmf,lookahead,1000000,16,16777216,3,0.360672,1.710000,1256040584,126626866,1000,126.533126305,0,126988288
partition-chains-controls-20260926,gnmf-2000000x2-r64-lookahead-cache16777216.log,2,prepare,gnmf,lookahead,2000000,64,16777216,0,0.323241,1.190000,0,1056146320,0,0.00000000000,0,1056202752
partition-chains-controls-20260926,gnmf-2000000x2-r64-lookahead-cache16777216.log,2,iteration,gnmf,lookahead,2000000,64,16777216,1,1.474336,9.380000,2103073830,1018957610,128,1.95977829122,0,1019174912
partition-chains-controls-20260926,gnmf-2000000x2-r64-lookahead-cache16777216.log,2,iteration,gnmf,lookahead,2000000,64,16777216,2,0.898900,5.740000,1053071978,1018957610,64,1.98813912930,0,1019400192
partition-chains-controls-20260926,gnmf-2000000x2-r64-lookahead-cache16777216.log,2,iteration,gnmf,lookahead,2000000,64,16777216,3,0.559678,4.420000,1053073032,1020493727,64,2.00435335840,0,1021157376
partition-chains-controls-20260926,gnmf-8000000x2-r16-lookahead-cache16777216.log,2,prepare,gnmf,lookahead,8000000,16,16777216,0,0.390612,1.480000,0,1152555260,0,0.00000000000,0,1152602112
partition-chains-controls-20260926,gnmf-8000000x2-r16-lookahead-cache16777216.log,2,iteration,gnmf,lookahead,8000000,16,16777216,1,1.156984,8.190000,2428532693,1021465227,504,1.93613703388,0,1021501440
partition-chains-controls-20260926,gnmf-8000000x2-r16-lookahead-cache16777216.log,2,iteration,gnmf,lookahead,8000000,16,16777216,2,0.723239,4.920000,1149990752,1023001655,252,1.95312433548,0,1022685184
partition-chains-controls-20260926,gnmf-8000000x2-r16-lookahead-cache16777216.log,2,iteration,gnmf,lookahead,8000000,16,16777216,3,0.473908,3.680000,1148966470,1023001650,252,1.96518439351,0,1022451712
partition-chains-controls-20260926,kmeans-8000000x2-r32-barrier-cache16777216.log,2,prepare,kmeans,barrier,8000000,32,16777216,0,0.053441,0.230000,0,128273265,0,0.00000000000,0,128286720
partition-chains-controls-20260926,kmeans-8000000x2-r32-barrier-cache16777216.log,2,iteration,kmeans,barrier,8000000,32,16777216,1,1.516128,7.130000,381920103,127939038,506,30.1581789199,0,127946752
partition-chains-controls-20260926,kmeans-8000000x2-r32-barrier-cache16777216.log,2,iteration,kmeans,barrier,8000000,32,16777216,2,1.290324,4.550000,381888017,127906952,506,30.2767310209,0,127901696
partition-chains-controls-20260926,kmeans-8000000x2-r32-barrier-cache16777216.log,2,iteration,kmeans,barrier,8000000,32,16777216,3,1.267149,4.280000,381439086,127971114,506,30.1920780924,0,127975424
partition-chains-controls-20260926,lmcg-32000000x2-r1-barrier-cache16777216.log,2,prepare,lmcg,barrier,32000000,1,16777216,0,0.168185,0.790000,0,513093010,0,0.00000000000,0,513114112
partition-chains-controls-20260926,lmcg-32000000x2-r1-barrier-cache16777216.log,2,iteration,lmcg,barrier,32000000,1,16777216,1,0.381289,2.370000,1273016077,256578824,2004,910095.881322,0,256593920
partition-chains-controls-20260926,lmcg-32000000x2-r1-barrier-cache16777216.log,2,iteration,lmcg,barrier,32000000,1,16777216,2,0.328045,2.080000,1266345868,256578824,2004,910095.881322,0,256589824
partition-chains-controls-20260926,lmcg-32000000x2-r1-barrier-cache16777216.log,2,iteration,lmcg,barrier,32000000,1,16777216,3,0.303022,1.980000,1266601868,256321731,2004,910095.881322,0,256319488
partition-chains-controls-20260926,lmcg-8000000x2-r1-arrival-cache268435456.log,2,prepare,lmcg,arrival,8000000,1,268435456,0,0.093449,0.580000,0,128273265,0,0.00000000000,0,128286720
partition-chains-controls-20260926,lmcg-8000000x2-r1-arrival-cache268435456.log,2,iteration,lmcg,arrival,8000000,1,268435456,1,0.070306,0.340000,128273265,0,253,227523.876884,0,0
partition-chains-controls-20260926,lmcg-8000000x2-r1-arrival-cache268435456.log,2,iteration,lmcg,arrival,8000000,1,268435456,2,0.031197,0.160000,0,0,253,227523.876884,0,0
partition-chains-controls-20260926,lmcg-8000000x2-r1-arrival-cache268435456.log,2,iteration,lmcg,arrival,8000000,1,268435456,3,0.029842,0.150000,0,0,253,227523.876884,0,0
partition-chains-controls-20260926,lmcg-8000000x2-r1-batch-cache268435456.log,2,prepare,lmcg,batch,8000000,1,268435456,0,0.100284,0.730000,0,128312000,0,0.00000000000,0,128331776
partition-chains-controls-20260926,lmcg-8000000x2-r1-batch-cache268435456.log,2,iteration,lmcg,batch,8000000,1,268435456,1,0.260174,3.590000,128312000,0,250,227523.876884,0,16384
partition-chains-controls-20260926,lmcg-8000000x2-r1-batch-cache268435456.log,2,iteration,lmcg,batch,8000000,1,268435456,2,0.059527,0.250000,0,0,250,227523.876884,0,0
partition-chains-controls-20260926,lmcg-8000000x2-r1-batch-cache268435456.log,2,iteration,lmcg,batch,8000000,1,268435456,3,0.028006,0.160000,0,0,250,227523.876884,0,0
partition-chains-controls-20260926,lmcg-8000000x2-r1-single-cache268435456.log,2,prepare,lmcg,single,8000000,1,268435456,0,0.098307,0.700000,0,128312000,0,0.00000000000,0,128331776
partition-chains-controls-20260926,lmcg-8000000x2-r1-single-cache268435456.log,2,iteration,lmcg,single,8000000,1,268435456,1,0.536256,2.180000,128312000,0,8000,227523.876884,0,16384
partition-chains-controls-20260926,lmcg-8000000x2-r1-single-cache268435456.log,2,iteration,lmcg,single,8000000,1,268435456,2,0.033545,0.160000,0,0,8000,227523.876884,0,0
partition-chains-controls-20260926,lmcg-8000000x2-r1-single-cache268435456.log,2,iteration,lmcg,single,8000000,1,268435456,3,0.027116,0.130000,0,0,8000,227523.876884,0,0
partition-chains-followups-20260926,gnmf-1000000x128-r16-lookahead-partner-cache16777216.log,128,prepare,gnmf,lookahead-partner,1000000,16,16777216,0,0.351329,0.910000,0,1152074255,0,0.00000000000,0,1152118784
partition-chains-followups-20260926,gnmf-1000000x128-r16-lookahead-partner-cache16777216.log,128,iteration,gnmf,lookahead-partner,1000000,16,16777216,1,0.611677,3.820000,2293907634,125346511,502,126.279572979,0,125497344
partition-chains-followups-20260926,gnmf-1000000x128-r16-lookahead-partner-cache16777216.log,128,iteration,gnmf,lookahead-partner,1000000,16,16777216,2,0.388361,2.270000,1145417880,126498827,251,126.426001201,0,127008768
partition-chains-followups-20260926,gnmf-1000000x128-r16-lookahead-partner-cache16777216.log,128,iteration,gnmf,lookahead-partner,1000000,16,16777216,3,0.298586,1.890000,1144393841,125218477,251,126.533126305,0,125878272
partition-chains-followups-20260926,gnmf-1000000x128-r16-partner-cache16777216.log,128,prepare,gnmf,partner,1000000,16,16777216,0,0.355257,0.960000,0,1152074255,0,0.00000000000,0,1152118784
partition-chains-followups-20260926,gnmf-1000000x128-r16-partner-cache16777216.log,128,iteration,gnmf,partner,1000000,16,16777216,1,0.514160,3.420000,2291859556,126114725,502,126.279572979,0,126017536
partition-chains-followups-20260926,gnmf-1000000x128-r16-partner-cache16777216.log,128,iteration,gnmf,partner,1000000,16,16777216,2,0.498540,3.360000,2284179142,124962404,502,126.426001201,0,125435904
partition-chains-followups-20260926,gnmf-1000000x128-r16-partner-cache16777216.log,128,iteration,gnmf,partner,1000000,16,16777216,3,0.513335,3.420000,2283155093,125986686,500,126.533126305,0,126545920
partition-chains-followups-20260926,gnmf-1000000x128-r16-reorder-x-cache16777216.log,128,prepare,gnmf,reorder-x,1000000,16,16777216,0,0.340247,0.940000,0,1152074260,0,0.00000000000,0,1152135168
partition-chains-followups-20260926,gnmf-1000000x128-r16-reorder-x-cache16777216.log,128,reorder,gnmf,reorder-x,1000000,16,16777216,0,0.477662,2.680000,1024039000,1024039000,36,0.00000000000,0,1024069632
partition-chains-followups-20260926,gnmf-1000000x128-r16-reorder-x-cache16777216.log,128,iteration,gnmf,reorder-x,1000000,16,16777216,1,0.637532,3.060000,2539607290,124835730,2000,126.279572979,0,124964864
partition-chains-followups-20260926,gnmf-1000000x128-r16-reorder-x-cache16777216.log,128,iteration,gnmf,reorder-x,1000000,16,16777216,2,0.641941,3.110000,2393652074,127652603,2000,126.426001201,0,128008192
partition-chains-followups-20260926,gnmf-1000000x128-r16-reorder-x-cache16777216.log,128,iteration,gnmf,reorder-x,1000000,16,16777216,3,0.624818,3.040000,2385842020,125860147,2000,126.533126305,0,126119936
partition-chains-followups-20260926,gnmf-1000000x128-r16-window-cache16777216.log,128,prepare,gnmf,window,1000000,16,16777216,0,0.376225,0.960000,0,1152074470,0,0.00000000000,0,1152143360
partition-chains-followups-20260926,gnmf-1000000x128-r16-window-cache16777216.log,128,iteration,gnmf,window,1000000,16,16777216,1,0.700854,3.220000,2496203551,125475930,2000,126.279572979,0,125353984
partition-chains-followups-20260926,gnmf-1000000x128-r16-window-cache16777216.log,128,iteration,gnmf,window,1000000,16,16777216,2,0.648279,3.170000,2400053671,128036620,2000,126.426001201,0,128294912
partition-chains-followups-20260926,gnmf-1000000x128-r16-window-cache16777216.log,128,iteration,gnmf,window,1000000,16,16777216,3,0.636026,3.070000,2398261208,127268321,2000,126.533126305,0,126873600
partition-chains-followups-20260926,gnmf-8000000x2-r16-arrival-cache16777216.log,2,prepare,gnmf,arrival,8000000,16,16777216,0,0.344631,1.350000,0,1152555270,0,0.00000000000,0,1152606208
partition-chains-followups-20260926,gnmf-8000000x2-r16-arrival-cache16777216.log,2,iteration,gnmf,arrival,8000000,16,16777216,1,0.948445,7.140000,2433655075,1019416663,504,1.93613703388,0,1019437056
partition-chains-followups-20260926,gnmf-8000000x2-r16-arrival-cache16777216.log,2,iteration,gnmf,arrival,8000000,16,16777216,2,0.833801,6.100000,2288712498,1021977373,504,1.95312433548,0,1021546496
partition-chains-followups-20260926,gnmf-8000000x2-r16-arrival-cache16777216.log,2,iteration,gnmf,arrival,8000000,16,16777216,3,0.841555,5.960000,2291273203,1022105402,504,1.96518439351,0,1022324736
partition-chains-followups-20260926,gnmf-8000000x2-r16-arrival-cache16777216.log,2,iteration,gnmf,arrival,8000000,16,16777216,4,0.815947,5.860000,2290249873,1021977373,504,1.97160169448,0,1022324736
partition-chains-followups-20260926,gnmf-8000000x2-r16-arrival-cache16777216.log,2,iteration,gnmf,arrival,8000000,16,16777216,5,0.836756,5.890000,2292298437,1020184872,504,1.97070349023,0,1020715008
partition-chains-followups-20260926,gnmf-8000000x2-r16-arrival-cache16777216.log,2,iteration,gnmf,arrival,8000000,16,16777216,6,0.833495,5.960000,2289736780,1021209154,504,1.96348031135,0,1021739008
partition-chains-followups-20260926,gnmf-8000000x2-r16-arrival-cache16777216.log,2,iteration,gnmf,arrival,8000000,16,16777216,7,0.844846,6.150000,2290762014,1022361475,504,1.95313739738,0,1022156800
partition-chains-followups-20260926,gnmf-8000000x2-r16-arrival-cache16777216.log,2,iteration,gnmf,arrival,8000000,16,16777216,8,0.872897,6.260000,2289734876,1020056838,504,1.94255989643,0,1020715008
partition-chains-followups-20260926,gnmf-8000000x2-r16-arrival-cache16777216.log,2,iteration,gnmf,arrival,8000000,16,16777216,9,0.869029,6.110000,2289736780,1021977373,504,1.93321063297,0,1022345216
partition-chains-followups-20260926,gnmf-8000000x2-r16-arrival-cache16777216.log,2,iteration,gnmf,arrival,8000000,16,16777216,10,0.838479,5.930000,2290762014,1020440945,504,1.92548335313,0,1021083648
partition-chains-followups-20260926,gnmf-8000000x2-r16-lookahead-cache16777216.log,2,prepare,gnmf,lookahead,8000000,16,16777216,0,0.348052,1.350000,0,1152555270,0,0.00000000000,0,1152602112
partition-chains-followups-20260926,gnmf-8000000x2-r16-lookahead-cache16777216.log,2,iteration,gnmf,lookahead,8000000,16,16777216,1,1.176826,8.060000,2429557947,1021721295,506,1.93613703388,0,1021775872
partition-chains-followups-20260926,gnmf-8000000x2-r16-lookahead-cache16777216.log,2,iteration,gnmf,lookahead,8000000,16,16777216,2,0.691187,4.870000,1147940289,1022745582,253,1.95312433548,0,1022291968
partition-chains-followups-20260926,gnmf-8000000x2-r16-lookahead-cache16777216.log,2,iteration,gnmf,lookahead,8000000,16,16777216,3,0.653453,4.300000,1149478621,1023769879,253,1.96518439351,0,1023266816
partition-chains-followups-20260926,gnmf-8000000x2-r16-lookahead-cache16777216.log,2,iteration,gnmf,lookahead,8000000,16,16777216,4,0.681846,4.450000,1149477669,1022873616,253,1.97160169448,0,1023311872
partition-chains-followups-20260926,gnmf-8000000x2-r16-lookahead-cache16777216.log,2,iteration,gnmf,lookahead,8000000,16,16777216,5,0.672029,4.370000,1148453387,1021337193,253,1.97070349023,0,1021796352
partition-chains-followups-20260926,gnmf-8000000x2-r16-lookahead-cache16777216.log,2,iteration,gnmf,lookahead,8000000,16,16777216,6,0.676243,4.370000,1149478616,1020825052,253,1.96348031135,0,1021198336
partition-chains-followups-20260926,gnmf-8000000x2-r16-lookahead-cache16777216.log,2,iteration,gnmf,lookahead,8000000,16,16777216,7,0.687114,4.560000,1148965523,1022233436,253,1.95313739738,0,1022349312
partition-chains-followups-20260926,gnmf-8000000x2-r16-lookahead-cache16777216.log,2,iteration,gnmf,lookahead,8000000,16,16777216,8,0.669775,4.540000,1149990757,1021209154,253,1.94255989643,0,1021771776
partition-chains-followups-20260926,gnmf-8000000x2-r16-lookahead-cache16777216.log,2,iteration,gnmf,lookahead,8000000,16,16777216,9,0.667006,4.550000,1148453382,1023257723,253,1.93321063297,0,1023328256
partition-chains-followups-20260926,gnmf-8000000x2-r16-lookahead-cache16777216.log,2,iteration,gnmf,lookahead,8000000,16,16777216,10,0.471805,3.500000,1149478621,1021337193,253,1.92548335313,0,1021341696
partition-chains-followups-20260926,gnmf-8000000x2-r16-reorder-x-cache16777216.log,2,prepare,gnmf,reorder-x,8000000,16,16777216,0,0.321422,1.180000,0,1152555270,0,0.00000000000,0,1152602112
partition-chains-followups-20260926,gnmf-8000000x2-r16-reorder-x-cache16777216.log,2,reorder,gnmf,reorder-x,8000000,16,16777216,0,0.053536,0.330000,146231520,128273250,250,0.00000000000,0,128274432
partition-chains-followups-20260926,gnmf-8000000x2-r16-reorder-x-cache16777216.log,2,iteration,gnmf,reorder-x,8000000,16,16777216,1,0.890902,6.880000,2449019275,1020697013,500,1.93613703388,0,1019916288
partition-chains-followups-20260926,gnmf-8000000x2-r16-reorder-x-cache16777216.log,2,iteration,gnmf,reorder-x,8000000,16,16777216,2,0.828124,6.120000,2289737702,1021721295,500,1.95312433548,0,1021091840
partition-chains-followups-20260926,gnmf-8000000x2-r16-reorder-x-cache16777216.log,2,iteration,gnmf,reorder-x,8000000,16,16777216,3,0.812668,5.720000,2290249843,1021721295,500,1.96518439351,0,1020944384
partition-chains-followups-20260926,gnmf-8000000x2-r16-reorder-x-cache16777216.log,2,iteration,gnmf,reorder-x,8000000,16,16777216,4,0.835600,5.920000,2289737702,1020184872,500,1.97160169448,0,1020674048
partition-chains-followups-20260926,gnmf-8000000x2-r16-reorder-x-cache16777216.log,2,iteration,gnmf,reorder-x,8000000,16,16777216,5,0.816552,5.880000,2291274125,1021209154,500,1.97070349023,0,1021521920
partition-chains-followups-20260926,gnmf-8000000x2-r16-reorder-x-cache16777216.log,2,iteration,gnmf,reorder-x,8000000,16,16777216,6,0.835006,6.230000,2291276029,1021721295,500,1.96348031135,0,1021440000
partition-chains-followups-20260926,gnmf-8000000x2-r16-reorder-x-cache16777216.log,2,iteration,gnmf,reorder-x,8000000,16,16777216,7,0.803803,5.960000,2290761984,1020184872,500,1.95313739738,0,1020424192
partition-chains-followups-20260926,gnmf-8000000x2-r16-reorder-x-cache16777216.log,2,iteration,gnmf,reorder-x,8000000,16,16777216,8,0.832122,5.760000,2288711516,1020697013,500,1.94255989643,0,1020461056
partition-chains-followups-20260926,gnmf-8000000x2-r16-reorder-x-cache16777216.log,2,iteration,gnmf,reorder-x,8000000,16,16777216,9,0.813866,5.770000,2289736750,1020697013,500,1.93321063297,0,1021218816
partition-chains-followups-20260926,gnmf-8000000x2-r16-reorder-x-cache16777216.log,2,iteration,gnmf,reorder-x,8000000,16,16777216,10,0.821475,5.760000,2289224609,1020184872,500,1.92548335313,0,1020096512
partition-chains-followups-20260926,lmcg-8000000x2-r1-arrival-cache268435456.log,2,prepare,lmcg,arrival,8000000,1,268435456,0,0.082537,0.490000,0,128273255,0,0.00000000000,0,128286720
partition-chains-followups-20260926,lmcg-8000000x2-r1-arrival-cache268435456.log,2,iteration,lmcg,arrival,8000000,1,268435456,1,0.065442,0.350000,128273255,0,251,227523.876884,0,16384
partition-chains-followups-20260926,lmcg-8000000x2-r1-arrival-cache268435456.log,2,iteration,lmcg,arrival,8000000,1,268435456,2,0.022193,0.120000,0,0,251,227523.876884,0,0
partition-chains-followups-20260926,lmcg-8000000x2-r1-arrival-cache268435456.log,2,iteration,lmcg,arrival,8000000,1,268435456,3,0.026484,0.110000,0,0,251,227523.876884,0,0
partition-chains-followups-20260926,lmcg-8000000x2-r1-arrival-cache268435456.log,2,iteration,lmcg,arrival,8000000,1,268435456,4,0.035610,0.160000,0,0,251,227523.876884,0,0
partition-chains-followups-20260926,lmcg-8000000x2-r1-arrival-cache268435456.log,2,iteration,lmcg,arrival,8000000,1,268435456,5,0.030176,0.120000,0,0,251,227523.876884,0,0
partition-chains-followups-20260926,lmcg-8000000x2-r1-arrival-cache268435456.log,2,iteration,lmcg,arrival,8000000,1,268435456,6,0.023929,0.100000,0,0,251,227523.876884,0,0
partition-chains-followups-20260926,lmcg-8000000x2-r1-arrival-cache268435456.log,2,iteration,lmcg,arrival,8000000,1,268435456,7,0.017810,0.080000,0,0,251,227523.876884,0,0
partition-chains-followups-20260926,lmcg-8000000x2-r1-arrival-cache268435456.log,2,iteration,lmcg,arrival,8000000,1,268435456,8,0.017308,0.070000,0,0,251,227523.876884,0,0
partition-chains-followups-20260926,lmcg-8000000x2-r1-arrival-cache268435456.log,2,iteration,lmcg,arrival,8000000,1,268435456,9,0.021036,0.080000,0,0,251,227523.876884,0,0
partition-chains-followups-20260926,lmcg-8000000x2-r1-arrival-cache268435456.log,2,iteration,lmcg,arrival,8000000,1,268435456,10,0.021726,0.090000,0,0,251,227523.876884,0,0
partition-chains-followups-20260926,lmcg-8000000x2-r1-batch-cache268435456.log,2,prepare,lmcg,batch,8000000,1,268435456,0,0.089779,0.620000,0,128312000,0,0.00000000000,0,128331776
partition-chains-followups-20260926,lmcg-8000000x2-r1-batch-cache268435456.log,2,iteration,lmcg,batch,8000000,1,268435456,1,0.253065,3.660000,128312000,0,250,227523.876884,0,16384
partition-chains-followups-20260926,lmcg-8000000x2-r1-batch-cache268435456.log,2,iteration,lmcg,batch,8000000,1,268435456,2,0.023108,0.100000,0,0,250,227523.876884,0,0
partition-chains-followups-20260926,lmcg-8000000x2-r1-batch-cache268435456.log,2,iteration,lmcg,batch,8000000,1,268435456,3,0.020541,0.090000,0,0,250,227523.876884,0,0
partition-chains-followups-20260926,lmcg-8000000x2-r1-batch-cache268435456.log,2,iteration,lmcg,batch,8000000,1,268435456,4,0.020546,0.080000,0,0,250,227523.876884,0,0
partition-chains-followups-20260926,lmcg-8000000x2-r1-batch-cache268435456.log,2,iteration,lmcg,batch,8000000,1,268435456,5,0.028292,0.110000,0,0,250,227523.876884,0,0
partition-chains-followups-20260926,lmcg-8000000x2-r1-batch-cache268435456.log,2,iteration,lmcg,batch,8000000,1,268435456,6,0.019112,0.080000,0,0,250,227523.876884,0,0
partition-chains-followups-20260926,lmcg-8000000x2-r1-batch-cache268435456.log,2,iteration,lmcg,batch,8000000,1,268435456,7,0.022250,0.100000,0,0,250,227523.876884,0,0
partition-chains-followups-20260926,lmcg-8000000x2-r1-batch-cache268435456.log,2,iteration,lmcg,batch,8000000,1,268435456,8,0.018809,0.070000,0,0,250,227523.876884,0,0
partition-chains-followups-20260926,lmcg-8000000x2-r1-batch-cache268435456.log,2,iteration,lmcg,batch,8000000,1,268435456,9,0.019078,0.080000,0,0,250,227523.876884,0,0
partition-chains-followups-20260926,lmcg-8000000x2-r1-batch-cache268435456.log,2,iteration,lmcg,batch,8000000,1,268435456,10,0.024804,0.100000,0,0,250,227523.876884,0,0
partition-chains-followups-20260926,lmcg-8000000x2-r1-single-cache268435456.log,2,prepare,lmcg,single,8000000,1,268435456,0,0.088678,0.650000,0,128312000,0,0.00000000000,0,128331776
partition-chains-followups-20260926,lmcg-8000000x2-r1-single-cache268435456.log,2,iteration,lmcg,single,8000000,1,268435456,1,0.487062,2.030000,128312000,0,8000,227523.876884,0,16384
partition-chains-followups-20260926,lmcg-8000000x2-r1-single-cache268435456.log,2,iteration,lmcg,single,8000000,1,268435456,2,0.033206,0.140000,0,0,8000,227523.876884,0,0
partition-chains-followups-20260926,lmcg-8000000x2-r1-single-cache268435456.log,2,iteration,lmcg,single,8000000,1,268435456,3,0.022025,0.080000,0,0,8000,227523.876884,0,0
partition-chains-followups-20260926,lmcg-8000000x2-r1-single-cache268435456.log,2,iteration,lmcg,single,8000000,1,268435456,4,0.021211,0.080000,0,0,8000,227523.876884,0,0
partition-chains-followups-20260926,lmcg-8000000x2-r1-single-cache268435456.log,2,iteration,lmcg,single,8000000,1,268435456,5,0.025933,0.110000,0,0,8000,227523.876884,0,0
partition-chains-followups-20260926,lmcg-8000000x2-r1-single-cache268435456.log,2,iteration,lmcg,single,8000000,1,268435456,6,0.019901,0.090000,0,0,8000,227523.876884,0,0
partition-chains-followups-20260926,lmcg-8000000x2-r1-single-cache268435456.log,2,iteration,lmcg,single,8000000,1,268435456,7,0.019713,0.080000,0,0,8000,227523.876884,0,0
partition-chains-followups-20260926,lmcg-8000000x2-r1-single-cache268435456.log,2,iteration,lmcg,single,8000000,1,268435456,8,0.023777,0.090000,0,0,8000,227523.876884,0,0
partition-chains-followups-20260926,lmcg-8000000x2-r1-single-cache268435456.log,2,iteration,lmcg,single,8000000,1,268435456,9,0.019656,0.090000,0,0,8000,227523.876884,0,0
partition-chains-followups-20260926,lmcg-8000000x2-r1-single-cache268435456.log,2,iteration,lmcg,single,8000000,1,268435456,10,0.020936,0.080000,0,0,8000,227523.876884,0,0
