phase,rows,pack_tiles,cache_bytes,rep,seconds,tasks,read_bytes,write_bytes,cpu_seconds,peak_work_bytes,cache_metadata_bytes,directory_bytes
prepare,8000000,1,1073741824,0,0.082570,0,0,0,0,0,4096000,864064
project,8000000,1,1073741824,0,0.172799,16001,0,0,0.370000,49064,8192000,1728128
contract,8000000,1,1073741824,1,0.127001,16001,0,0,0.160000,81592,8192000,1728128
contract,8000000,1,1073741824,2,0.110200,16001,0,0,0.130000,81592,8192000,1728128
contract,8000000,1,1073741824,3,0.102318,16001,0,0,0.110000,81592,8192000,1728128
prepare,8000000,32,1073741824,0,0.074744,0,0,0,0,0,128000,27064
project,8000000,32,1073741824,0,0.153128,1001,0,0,0.270000,1068480,384000,81128
contract,8000000,32,1073741824,1,0.087793,1001,0,0,0.100000,1100496,384000,81128
contract,8000000,32,1073741824,2,0.082272,1001,0,0,0.090000,1100496,384000,81128
contract,8000000,32,1073741824,3,0.082633,1001,0,0,0.090000,1100496,384000,81128
prepare,8000000,1,8388608,0,0.131746,0,0,123452183,0,0,1144192,864064
project,8000000,1,8388608,0,1.525023,16001,123965431,257210847,2.940000,49064,2138624,1728128
contract,8000000,1,8388608,1,1.557548,16001,384624000,0,2.890000,81592,2115584,1728128
contract,8000000,1,8388608,2,1.293798,16001,384624000,0,2.460000,81592,2115968,1728128
contract,8000000,1,8388608,3,1.269204,16001,384624000,0,2.380000,81592,2115968,1728128
prepare,8000000,32,8388608,0,0.099168,0,0,121603041,0,0,37376,27064
project,8000000,32,8388608,0,0.254563,1001,126733971,256276676,0.410000,1068480,100992,81128
contract,8000000,32,8388608,1,0.240732,1001,384547750,0,0.350000,1100496,100224,81128
contract,8000000,32,8388608,2,0.253942,1001,384547750,0,0.360000,1100496,100224,81128
contract,8000000,32,8388608,3,0.253131,1001,384547750,0,0.410000,1100496,100224,81128
