run,phase,rows,pack_tiles,locality_window,cache_bytes,iteration,seconds,cpu_seconds,read_bytes,write_bytes,packs,tasks,process_read_bytes,process_write_bytes
locality,prepare,100000000,32,32,67108864,0,0.639766,5.100000,0,1557649751,8824,0,0,1557696512
locality,project,100000000,32,32,67108864,1,3.017040,16.720000,1559189060,6405668071,16736,17669,0,6405890048
locality,contract,100000000,32,32,67108864,1,15.171159,20.150000,8441012163,27834346,16736,35791,0,27852800
locality,project,100000000,32,32,67108864,2,4.092064,16.180000,1588275536,6382800438,16736,19592,0,6383218688
locality,contract,100000000,32,32,67108864,2,15.015971,19.100000,8443125442,11974508,16736,35819,0,11816960
locality,project,100000000,32,32,67108864,3,4.074796,16.420000,1588211395,6379662792,16753,18942,0,6380105728
locality,contract,100000000,32,32,67108864,3,15.149087,19.240000,8429244968,15624516,16753,35755,0,15368192
perfect-a,prepare,100000000,32,-1,67108864,0,0.614491,4.720000,0,1554158697,3125,0,192512,1553776640
perfect-a,project,100000000,32,-1,67108864,1,1.812985,14.620000,1556724162,6399886353,12500,6662,0,6400032768
perfect-a,contract,100000000,32,-1,67108864,1,11.624645,15.410000,8015092509,34366623,12500,25001,0,34357248
perfect-a,project,100000000,32,-1,67108864,2,4.048480,13.660000,1588022835,6384508251,12500,10048,0,6384730112
perfect-a,contract,100000000,32,-1,67108864,2,12.006857,14.930000,8007918183,10245540,12500,25001,0,10158080
perfect-a,project,100000000,32,-1,67108864,3,2.744638,13.010000,1588022835,6389118744,12500,8966,0,6388748288
perfect-a,contract,100000000,32,-1,67108864,3,11.721849,15.150000,7996630137,5635047,12500,25001,0,5828608
perfect-b,prepare,100000000,32,-1,67108864,0,0.617045,4.640000,0,1551593232,3125,0,0,1549971456
perfect-b,project,100000000,32,-1,67108864,1,2.133390,14.600000,1555184883,6399371628,12500,7436,0,6398492672
perfect-b,contract,100000000,32,-1,67108864,1,11.940950,15.800000,8008420668,34369071,12500,25001,0,34930688
perfect-b,project,100000000,32,-1,67108864,2,3.945412,13.670000,1588022835,6383995974,12500,10156,0,6384263168
perfect-b,contract,100000000,32,-1,67108864,2,12.098424,14.890000,8007918999,10245540,12500,25001,0,10092544
perfect-b,project,100000000,32,-1,67108864,3,3.605723,13.220000,1587509742,6383483697,12500,10290,0,6383124480
perfect-b,contract,100000000,32,-1,67108864,3,12.019187,15.010000,8002274976,10757817,12500,25001,0,11206656
resident,prepare,100000000,32,-1,12884901888,0,0.674589,2.810000,0,0,3125,0,0,0
resident,project,100000000,32,-1,12884901888,1,2.076501,8.820000,0,0,12500,6254,0,0
resident,contract,100000000,32,-1,12884901888,1,3.680919,4.460000,0,0,12500,25001,0,16384
resident,project,100000000,32,-1,12884901888,2,1.503067,6.130000,0,0,12500,6254,0,0
resident,contract,100000000,32,-1,12884901888,2,3.166515,3.900000,0,0,12500,25001,0,0
resident,project,100000000,32,-1,12884901888,3,1.141942,5.010000,0,0,12500,6254,0,0
resident,contract,100000000,32,-1,12884901888,3,3.529969,4.220000,0,0,12500,25001,0,0
